{"iter": [0, 200, 400, 600, 800, 1000, 1200, 1400, 1600, 1800, 2000, 2200, 2400, 2600, 2800, 3000, 3200, 3400, 3600, 3800, 4000, 4200, 4400, 4600, 4800, 5000, 5200, 5400, 5600, 5800, 6000, 6200, 6400, 6600, 6800, 7000, 7200, 7400, 7600, 7800, 8000, 8200, 8400, 8600, 8800, 9000, 9200, 9400, 9600, 9800, 10000, 10200, 10400, 10600, 10800, 11000, 11200, 11400, 11600, 11800, 12000, 12200, 12400, 12600, 12800, 13000, 13200, 13400, 13600, 13800, 14000, 14200, 14400, 14600, 14800], "train_loss": [4.531278991699219, 2.2933364629745485, 2.078532028198242, 1.7921664595603943, 1.621123695373535, 1.5255752444267272, 1.4410553336143495, 1.4072335720062257, 1.3193562746047973, 1.316316545009613, 1.2755518078804016, 1.2591307997703551, 1.2419338345527648, 1.2370529890060424, 1.2024621963500977, 1.1942345380783081, 1.1932880401611328, 1.16212500333786, 1.1531871676445007, 1.1299565196037293, 1.135645341873169, 1.138635277748108, 1.1006678223609925, 1.1095646858215331, 1.1279545783996583, 1.0756583571434022, 1.0888493061065674, 1.0708011865615845, 1.0836376667022705, 1.0991385936737061, 1.0572571098804473, 1.0792203307151795, 1.0379830479621888, 1.0332329213619231, 1.0442306280136109, 1.0272169947624206, 1.0212163090705872, 1.0343578159809113, 1.0019392490386962, 1.0011234641075135, 0.9950425505638123, 0.9997743010520935, 1.0035381197929383, 0.9818430721759797, 0.965380847454071, 0.9705174207687378, 0.967625904083252, 0.9842401683330536, 0.9420971155166626, 0.967657881975174, 0.93895725607872, 0.9500882267951966, 0.9477527260780334, 0.9431928634643555, 0.9457672417163849, 0.9433659434318542, 0.9408598780632019, 0.933362627029419, 0.9450962364673614, 0.9209929764270782, 0.9471873581409455, 0.9094855666160584, 0.9325093328952789, 0.9273229598999023, 0.9175379872322083, 0.9061636745929718, 0.8929305374622345, 0.9221467256546021, 0.8875517010688782, 0.9049676537513733, 0.913549929857254, 0.9181576907634735, 0.9107061088085174, 0.9205005943775177, 0.9024750530719757], "val_loss": [4.53247971534729, 2.3057502031326296, 2.06150541305542, 1.7720361948013306, 1.5987635850906372, 1.4888786315917968, 1.4371203541755677, 1.4000893115997315, 1.3672202467918395, 1.2855231761932373, 1.2788824319839478, 1.2435319781303407, 1.2331977486610413, 1.2047163844108582, 1.208307695388794, 1.1839568495750428, 1.1711299538612365, 1.1688800930976868, 1.1678343415260315, 1.1508874654769898, 1.1253288865089417, 1.1205790281295775, 1.1159354209899903, 1.118078362941742, 1.1071272015571594, 1.1107009887695312, 1.0993407011032104, 1.0839495301246642, 1.0694194436073303, 1.0698514342308045, 1.0564217805862426, 1.0750857830047607, 1.048781979084015, 1.0574403166770936, 1.0382425427436828, 1.0269722104072572, 1.0435765027999877, 1.0262626469135285, 1.0176274716854095, 1.0131827414035797, 1.0009016752243043, 1.0047885298728942, 1.0099091470241546, 0.9916994988918304, 0.9956962108612061, 0.9982310652732849, 1.0037481904029846, 0.9959629356861115, 0.9813129246234894, 0.9821210920810699, 0.9650717735290527, 0.9769719302654266, 0.9629612505435944, 0.9645601093769074, 0.9671234667301178, 0.9547186732292176, 0.9512170076370239, 0.9583495855331421, 0.9431498527526856, 0.9611417353153229, 0.9209941327571869, 0.9569250762462616, 0.9619976103305816, 0.9337828159332275, 0.9345856130123138, 0.9399484753608703, 0.931664115190506, 0.9349058270454407, 0.9485616028308869, 0.9330308258533477, 0.928630930185318, 0.9378250062465667, 0.9227362155914307, 0.8984201312065124, 0.9147369682788848], "config": {"n_embd": 192, "n_layer": 3, "n_head": 4, "block_size": 64, "batch_size": 32, "learning_rate": 0.0003, "max_iters": 15000, "eval_interval": 200}}