{"iter": [0, 200, 400, 600, 800, 1000, 1200, 1400, 1600, 1800, 2000, 2200, 2400, 2600, 2800], "train_loss": [4.430578517913818, 2.3619977235794067, 2.250088262557983, 2.096112084388733, 1.9254128575325011, 1.8024903416633606, 1.7011463522911072, 1.6350983500480651, 1.5929137229919434, 1.5515920877456666, 1.4731354355812072, 1.4758269309997558, 1.4374301195144654, 1.4136124014854432, 1.3579763770103455], "val_loss": [4.439331197738648, 2.3337818384170532, 2.233812856674194, 2.084243416786194, 1.9447277188301086, 1.790522563457489, 1.7048635601997375, 1.6161634087562562, 1.5686337113380433, 1.523883318901062, 1.4707536697387695, 1.4318719863891602, 1.4291571736335755, 1.4015801310539246, 1.3676820874214173], "config": {"n_embd": 128, "n_layer": 2, "n_head": 4, "block_size": 64, "batch_size": 32, "learning_rate": 0.0003, "max_iters": 3000, "eval_interval": 200}}
