{"iter": [0, 200, 400, 600, 800, 1000, 1200, 1400, 1600, 1800, 2000, 2200, 2400, 2600, 2800, 3000, 3200, 3400, 3600, 3800, 4000, 4200, 4400, 4600, 4800], "train_loss": [4.214053440093994, 2.2780688524246218, 2.0963399171829225, 1.8886141896247863, 1.6974248170852662, 1.591225266456604, 1.514774250984192, 1.4167204737663268, 1.3895296335220337, 1.3450706720352172, 1.3323950052261353, 1.2932463526725768, 1.2991971611976623, 1.259350347518921, 1.2560098052024842, 1.242660403251648, 1.2089924693107605, 1.1995224118232728, 1.1884374380111695, 1.1783582091331481, 1.1812177777290345, 1.1616354823112487, 1.15713871717453, 1.141508734226227, 1.1407536745071412], "val_loss": [4.203814744949341, 2.2690667390823362, 2.103227400779724, 1.8696765899658203, 1.6800342202186584, 1.5795714378356933, 1.4780851364135743, 1.4262773871421814, 1.397848629951477, 1.3690151810646056, 1.329165756702423, 1.282743716239929, 1.2880937933921814, 1.268330419063568, 1.2476446986198426, 1.2236541509628296, 1.221565806865692, 1.1833242774009705, 1.195115077495575, 1.18163959980011, 1.1760463476181031, 1.1682944893836975, 1.1570494294166564, 1.1382329344749451, 1.1329498648643495], "config": {"n_embd": 160, "n_layer": 3, "n_head": 4, "block_size": 64, "batch_size": 32, "learning_rate": 0.0003, "max_iters": 5000, "eval_interval": 200}}
